subreddit,topic_id,n,pos,neu,neg,avg_score,pos_pct,neu_pct,neg_pct,top_terms
ArtificialInteligence,3,59,7,35,17,0.695180104445603,0.119,0.593,0.288,"ai, like, google, just, think, new, models, people, research, intelligence, tools, ai models"
ArtificialInteligence,6,16,1,7,8,0.7048453614115715,0.062,0.438,0.5,"like, people, years, know, think, just, really, security, good, looking, time, don"
ArtificialInteligence,2,11,1,6,4,0.7106361605904319,0.091,0.545,0.364,"data, model, models, training, using, code, use, reasoning, time, train, github, python"
ArtificialInteligence,1,8,0,7,1,0.7254273444414139,0.0,0.875,0.125,"openai, reddit, news, ai, source, open source, secret, open, secrets, tiktok, removed reddit, secret service"
ArtificialInteligence,9,4,3,1,0,0.8239997923374176,0.75,0.25,0.0,"quantum, use, computing, solar, new, drug, breakthrough, quantum computing, ve, promising, design, scientists"
ArtificialInteligence,8,3,0,3,0,0.679600844780604,0.0,1.0,0.0,"new, china, ads, cancer, malware, price, rust, microsoft, robots, says, world, google"
ArtificialInteligence,4,2,0,1,1,0.6817898154258728,0.0,0.5,0.5,"2025, switch, nintendo, virtual, game, industry, cards, decisions, gaming, linux, october, xbox"
ArtificialInteligence,0,1,0,1,0,0.7185438275337219,0.0,1.0,0.0,"parts, engine, aerospace, reflection, decade, reproducibility, moving, mind, turn, plans, materials, 3d"
Futurology,3,33,3,18,12,0.6691057438200171,0.091,0.545,0.364,"ai, like, google, just, think, new, models, people, research, intelligence, tools, ai models"
Futurology,6,29,3,17,9,0.6916928969580551,0.103,0.586,0.31,"like, people, years, know, think, just, really, security, good, looking, time, don"
Futurology,8,23,5,14,4,0.723969060441722,0.217,0.609,0.174,"new, china, ads, cancer, malware, price, rust, microsoft, robots, says, world, google"
Futurology,9,11,4,6,1,0.6973577575250105,0.364,0.545,0.091,"quantum, use, computing, solar, new, drug, breakthrough, quantum computing, ve, promising, design, scientists"
Futurology,7,4,0,4,0,0.7473950088024139,0.0,1.0,0.0,"iphone, phone, battery, apple, power, pro, 17, way, 10, pixel, xiaomi, iphone air"
Futurology,1,3,1,2,0,0.6469046870867411,0.333,0.667,0.0,"openai, reddit, news, ai, source, open source, secret, open, secrets, tiktok, removed reddit, secret service"
Futurology,0,1,0,0,1,0.7671169638633728,0.0,0.0,1.0,"parts, engine, aerospace, reflection, decade, reproducibility, moving, mind, turn, plans, materials, 3d"
Futurology,4,1,1,0,0,0.739101767539978,1.0,0.0,0.0,"2025, switch, nintendo, virtual, game, industry, cards, decisions, gaming, linux, october, xbox"
MachineLearning,2,50,10,36,4,0.7080844247341156,0.2,0.72,0.08,"data, model, models, training, using, code, use, reasoning, time, train, github, python"
MachineLearning,6,32,4,23,5,0.7488353047519922,0.125,0.719,0.156,"like, people, years, know, think, just, really, security, good, looking, time, don"
MachineLearning,8,5,1,4,0,0.838070297241211,0.2,0.8,0.0,"new, china, ads, cancer, malware, price, rust, microsoft, robots, says, world, google"
MachineLearning,3,4,2,2,0,0.7488325238227844,0.5,0.5,0.0,"ai, like, google, just, think, new, models, people, research, intelligence, tools, ai models"
MachineLearning,9,4,0,3,1,0.8004873096942902,0.0,0.75,0.25,"quantum, use, computing, solar, new, drug, breakthrough, quantum computing, ve, promising, design, scientists"
MachineLearning,1,3,2,0,1,0.7337052822113037,0.667,0.0,0.333,"openai, reddit, news, ai, source, open source, secret, open, secrets, tiktok, removed reddit, secret service"
MachineLearning,4,3,0,2,1,0.7790879805882772,0.0,0.667,0.333,"2025, switch, nintendo, virtual, game, industry, cards, decisions, gaming, linux, october, xbox"
MachineLearning,0,2,1,1,0,0.7875221967697144,0.5,0.5,0.0,"parts, engine, aerospace, reflection, decade, reproducibility, moving, mind, turn, plans, materials, 3d"
computing,8,29,3,21,5,0.7259016540543787,0.103,0.724,0.172,"new, china, ads, cancer, malware, price, rust, microsoft, robots, says, world, google"
computing,5,26,3,9,14,0.6714452264400629,0.115,0.346,0.538,"windows, pc, laptop, help, tried, screen, issue, drive, just, game, fix, account"
computing,6,21,4,14,3,0.7084955998829433,0.19,0.667,0.143,"like, people, years, know, think, just, really, security, good, looking, time, don"
computing,9,7,2,4,1,0.7263181763035911,0.286,0.571,0.143,"quantum, use, computing, solar, new, drug, breakthrough, quantum computing, ve, promising, design, scientists"
computing,3,5,1,3,1,0.7014556765556336,0.2,0.6,0.2,"ai, like, google, just, think, new, models, people, research, intelligence, tools, ai models"
computing,4,5,0,5,0,0.6999335825443268,0.0,1.0,0.0,"2025, switch, nintendo, virtual, game, industry, cards, decisions, gaming, linux, october, xbox"
computing,7,4,0,2,2,0.6278909593820572,0.0,0.5,0.5,"iphone, phone, battery, apple, power, pro, 17, way, 10, pixel, xiaomi, iphone air"
computing,1,2,1,1,0,0.9575348794460296,0.5,0.5,0.0,"openai, reddit, news, ai, source, open source, secret, open, secrets, tiktok, removed reddit, secret service"
computing,2,1,1,0,0,0.6605455875396729,1.0,0.0,0.0,"data, model, models, training, using, code, use, reasoning, time, train, github, python"
cybersecurity,6,44,6,24,14,0.7172281769188967,0.136,0.545,0.318,"like, people, years, know, think, just, really, security, good, looking, time, don"
cybersecurity,8,35,2,16,17,0.7342258981295995,0.057,0.457,0.486,"new, china, ads, cancer, malware, price, rust, microsoft, robots, says, world, google"
cybersecurity,3,8,2,5,1,0.7508329600095749,0.25,0.625,0.125,"ai, like, google, just, think, new, models, people, research, intelligence, tools, ai models"
cybersecurity,1,7,0,4,3,0.6783090106078556,0.0,0.571,0.429,"openai, reddit, news, ai, source, open source, secret, open, secrets, tiktok, removed reddit, secret service"
cybersecurity,2,7,1,4,2,0.6496802227837699,0.143,0.571,0.286,"data, model, models, training, using, code, use, reasoning, time, train, github, python"
cybersecurity,4,5,1,3,1,0.7606791615486145,0.2,0.6,0.2,"2025, switch, nintendo, virtual, game, industry, cards, decisions, gaming, linux, october, xbox"
cybersecurity,9,5,2,3,0,0.7235546708106995,0.4,0.6,0.0,"quantum, use, computing, solar, new, drug, breakthrough, quantum computing, ve, promising, design, scientists"
cybersecurity,0,1,0,1,0,0.7731741666793823,0.0,1.0,0.0,"parts, engine, aerospace, reflection, decade, reproducibility, moving, mind, turn, plans, materials, 3d"
gadgets,8,52,17,32,3,0.7375455252253093,0.327,0.615,0.058,"new, china, ads, cancer, malware, price, rust, microsoft, robots, says, world, google"
gadgets,7,26,11,11,4,0.719817456144553,0.423,0.423,0.154,"iphone, phone, battery, apple, power, pro, 17, way, 10, pixel, xiaomi, iphone air"
gadgets,4,9,4,1,4,0.75594605339898,0.444,0.111,0.444,"2025, switch, nintendo, virtual, game, industry, cards, decisions, gaming, linux, october, xbox"
gadgets,6,7,2,4,1,0.7186169496604374,0.286,0.571,0.143,"like, people, years, know, think, just, really, security, good, looking, time, don"
gadgets,3,3,1,2,0,0.7672870953877767,0.333,0.667,0.0,"ai, like, google, just, think, new, models, people, research, intelligence, tools, ai models"
gadgets,5,2,2,0,0,0.8591479659080505,1.0,0.0,0.0,"windows, pc, laptop, help, tried, screen, issue, drive, just, game, fix, account"
gadgets,9,2,1,1,0,0.7071645557880402,0.5,0.5,0.0,"quantum, use, computing, solar, new, drug, breakthrough, quantum computing, ve, promising, design, scientists"
programming,8,53,4,47,2,0.7734651509320961,0.075,0.887,0.038,"new, china, ads, cancer, malware, price, rust, microsoft, robots, says, world, google"
programming,2,16,1,13,2,0.7390164192765951,0.062,0.812,0.125,"data, model, models, training, using, code, use, reasoning, time, train, github, python"
programming,6,12,2,10,0,0.7184516042470932,0.167,0.833,0.0,"like, people, years, know, think, just, really, security, good, looking, time, don"
programming,3,7,4,3,0,0.6968061923980713,0.571,0.429,0.0,"ai, like, google, just, think, new, models, people, research, intelligence, tools, ai models"
programming,1,5,0,2,3,0.7849827647209168,0.0,0.4,0.6,"openai, reddit, news, ai, source, open source, secret, open, secrets, tiktok, removed reddit, secret service"
programming,4,5,0,5,0,0.7046022415161133,0.0,1.0,0.0,"2025, switch, nintendo, virtual, game, industry, cards, decisions, gaming, linux, october, xbox"
programming,9,5,1,3,1,0.7545878648757934,0.2,0.6,0.2,"quantum, use, computing, solar, new, drug, breakthrough, quantum computing, ve, promising, design, scientists"
programming,7,4,0,4,0,0.6785059720277786,0.0,1.0,0.0,"iphone, phone, battery, apple, power, pro, 17, way, 10, pixel, xiaomi, iphone air"
programming,0,1,0,1,0,0.7956694960594177,0.0,1.0,0.0,"parts, engine, aerospace, reflection, decade, reproducibility, moving, mind, turn, plans, materials, 3d"
programming,5,1,0,1,0,0.7859340310096741,0.0,1.0,0.0,"windows, pc, laptop, help, tried, screen, issue, drive, just, game, fix, account"
tech,8,59,12,45,2,0.7001457532583657,0.203,0.763,0.034,"new, china, ads, cancer, malware, price, rust, microsoft, robots, says, world, google"
tech,9,18,8,9,1,0.7005943192376031,0.444,0.5,0.056,"quantum, use, computing, solar, new, drug, breakthrough, quantum computing, ve, promising, design, scientists"
tech,7,7,4,3,0,0.692043023450034,0.571,0.429,0.0,"iphone, phone, battery, apple, power, pro, 17, way, 10, pixel, xiaomi, iphone air"
tech,6,6,1,5,0,0.6971271534760793,0.167,0.833,0.0,"like, people, years, know, think, just, really, security, good, looking, time, don"
tech,3,5,2,2,1,0.7522428154945373,0.4,0.4,0.2,"ai, like, google, just, think, new, models, people, research, intelligence, tools, ai models"
tech,0,2,1,1,0,0.6983669102191925,0.5,0.5,0.0,"parts, engine, aerospace, reflection, decade, reproducibility, moving, mind, turn, plans, materials, 3d"
tech,4,2,0,2,0,0.7804834842681885,0.0,1.0,0.0,"2025, switch, nintendo, virtual, game, industry, cards, decisions, gaming, linux, october, xbox"
tech,1,1,0,1,0,0.6494945287704468,0.0,1.0,0.0,"openai, reddit, news, ai, source, open source, secret, open, secrets, tiktok, removed reddit, secret service"
technews,8,36,5,15,16,0.7551666167047288,0.139,0.417,0.444,"new, china, ads, cancer, malware, price, rust, microsoft, robots, says, world, google"
technews,3,32,4,17,11,0.7201979542151093,0.125,0.531,0.344,"ai, like, google, just, think, new, models, people, research, intelligence, tools, ai models"
technews,9,9,3,5,1,0.7021932833724551,0.333,0.556,0.111,"quantum, use, computing, solar, new, drug, breakthrough, quantum computing, ve, promising, design, scientists"
technews,1,6,1,3,2,0.7276409367720286,0.167,0.5,0.333,"openai, reddit, news, ai, source, open source, secret, open, secrets, tiktok, removed reddit, secret service"
technews,6,6,0,5,1,0.7832985122998556,0.0,0.833,0.167,"like, people, years, know, think, just, really, security, good, looking, time, don"
technews,7,6,0,4,2,0.6643194953600565,0.0,0.667,0.333,"iphone, phone, battery, apple, power, pro, 17, way, 10, pixel, xiaomi, iphone air"
technews,5,4,0,1,3,0.6493608802556992,0.0,0.25,0.75,"windows, pc, laptop, help, tried, screen, issue, drive, just, game, fix, account"
technews,2,2,0,1,1,0.723623126745224,0.0,0.5,0.5,"data, model, models, training, using, code, use, reasoning, time, train, github, python"
technews,4,1,0,0,1,0.901504635810852,0.0,0.0,1.0,"2025, switch, nintendo, virtual, game, industry, cards, decisions, gaming, linux, october, xbox"
technology,8,70,8,40,22,0.7135893557752881,0.114,0.571,0.314,"new, china, ads, cancer, malware, price, rust, microsoft, robots, says, world, google"
technology,3,16,1,10,5,0.7196455616503954,0.062,0.625,0.312,"ai, like, google, just, think, new, models, people, research, intelligence, tools, ai models"
technology,1,11,0,6,5,0.7348819808526472,0.0,0.545,0.455,"openai, reddit, news, ai, source, open source, secret, open, secrets, tiktok, removed reddit, secret service"
technology,9,7,0,3,4,0.6403939553669521,0.0,0.429,0.571,"quantum, use, computing, solar, new, drug, breakthrough, quantum computing, ve, promising, design, scientists"
technology,2,6,0,2,4,0.7229354729255041,0.0,0.333,0.667,"data, model, models, training, using, code, use, reasoning, time, train, github, python"
technology,4,4,1,3,0,0.7105570435523987,0.25,0.75,0.0,"2025, switch, nintendo, virtual, game, industry, cards, decisions, gaming, linux, october, xbox"
technology,6,4,1,2,1,0.7018731087446213,0.25,0.5,0.25,"like, people, years, know, think, just, really, security, good, looking, time, don"
technology,7,3,0,2,1,0.8260421752929688,0.0,0.667,0.333,"iphone, phone, battery, apple, power, pro, 17, way, 10, pixel, xiaomi, iphone air"
technology,5,1,0,0,1,0.7824267148971558,0.0,0.0,1.0,"windows, pc, laptop, help, tried, screen, issue, drive, just, game, fix, account"
techsupport,5,77,0,14,63,0.7098449553762164,0.0,0.182,0.818,"windows, pc, laptop, help, tried, screen, issue, drive, just, game, fix, account"
techsupport,6,10,0,5,5,0.7053039252758027,0.0,0.5,0.5,"like, people, years, know, think, just, really, security, good, looking, time, don"
techsupport,7,9,0,3,6,0.6966836055119833,0.0,0.333,0.667,"iphone, phone, battery, apple, power, pro, 17, way, 10, pixel, xiaomi, iphone air"
techsupport,8,8,0,2,6,0.7072147279977798,0.0,0.25,0.75,"new, china, ads, cancer, malware, price, rust, microsoft, robots, says, world, google"
techsupport,4,2,0,1,1,0.7730971276760101,0.0,0.5,0.5,"2025, switch, nintendo, virtual, game, industry, cards, decisions, gaming, linux, october, xbox"
techsupport,9,2,0,0,2,0.7202032804489136,0.0,0.0,1.0,"quantum, use, computing, solar, new, drug, breakthrough, quantum computing, ve, promising, design, scientists"
techsupport,0,1,0,0,1,0.7188986539840698,0.0,0.0,1.0,"parts, engine, aerospace, reflection, decade, reproducibility, moving, mind, turn, plans, materials, 3d"
techsupport,2,1,0,0,1,0.7651504874229431,0.0,0.0,1.0,"data, model, models, training, using, code, use, reasoning, time, train, github, python"
techsupport,3,1,0,0,1,0.9139733910560608,0.0,0.0,1.0,"ai, like, google, just, think, new, models, people, research, intelligence, tools, ai models"
